qid,wd_label,register_id,register_title,register_type,distance_m,label_overlap,confidence
Q106212769,Войнишки паметник в село Желява,668,На загиналите във войните за национално обединение от с. Желява. Военен паметник,Паметник,21,1,high
Q106241174,Войнишки паметник във Враждебна,652,На загиналите във войните за национално обединение от с. Стара Враждебна. Военен паметник,Паметник,18,2,high
Q106574300,Войнишки паметник в село Доброславци,676,"На загиналите във войните за национално обединение и във Втората световна война, заключителна фаза от с. Доброславци. Военен паметник",Паметник,2,1,high
Q106574515,Войнишки паметник в село Мировяне,674,На загиналите във войните за национално обединение от с. Мировяне. Военен паметник,Паметник,0,1,high
Q108551736,Паметник на Одринската епопея,533,На опълченците от 58 пеши Одрински полк (паметник на Одринската епопея). Военен паметник. Архитектурно-скулптурен ансамбъл,Паметник,2,2,high
Q113642743,Бюст-паметник на Тодор Каблешков,622,"Тодор Каблешков, бюст-паметник, Борисова градина",Паметник,5,2,high
Q114452364,Паметник на Даме Груев (Борисова градина),587,"Даме Груев, бюст-паметник, Борисова градина",Паметник,0,4,high
Q114452411,Паметник на Гоце Делчев (Борисова градина),586,"Гоце Делчев, бюст-паметник, Борисова градина. Военен паметник",Паметник,1,4,high
Q114453695,Паметник на Тодор Александров (Борисова градина),621,"Тодор Александров, бюст-паметник, Борисова градина",Паметник,0,4,high
Q114453732,Паметник на Иван Михайлов,620,"Иван Михайлов, бюст-паметник, Борисова градина",Паметник,1,2,high
Q119685955,Паметник на загиналите за свободата на Македония и Одринско (София),914,"„Сто и двадесет години от основаването на националноосвободителна организация на българите в Македония, Беломорска Тракия и Одринско”. Военен паметник",Паметник,21,2,high
Q12283163,1 средно училище „Пенчо Славейков“,1156,"Св. Иван Рилски, релеф, Първо СОУ „Пенчо Славейков”",Паметна Плоча,44,2,high
Q12286470,Мемориал на жертвите на комунистическия режим в България,516,"В памет на жертвите на „комунизма“, паметник – мемориал, архитектурен ансамбъл, НДК",Паметник,35,1,high
Q125205084,Паметник на св. св. Кирил и Методий,116,"Св. св. Кирил и Методий, паметник, скулптурен",Паметник,4,2,high
Q125205981,Паметник на генерал Гурко,890,"Йосиф Гурко, ген. Паметник на Освободителната война - бюст",Паметник,2,1,high
Q125209087,Скулптурна фигура „Лъв“,815,"Скулптурна фигура „Лъв”, МВР",Скулптура,15,3,high
Q130295307,надгробен паметник на редник павел красов,822,"Павел Красов, лобно място. Паметник на Освободителната война",Свободно-Стоящ Паметен Знак,38,2,high
Q130295308,паметен знак,560,"„Път на руската войска“, 82 ОУ „Васил Априлов"", свободностоящ паметен знак. Паметник на Освободителната война",Свободно-Стоящ Паметен Знак,13,2,high
Q130295309,паметна плоча в Казичене,887,„Посрещане на руските войни-освободители в Казичене”. Паметник на Освободителната война,Паметник,0,1,high
Q130295312,Кръста,1180,"„Кръста”, Лозенец, свободностоящ паметен знак",Свободно-Стоящ Паметен Знак,7,1,high
Q130295313,паметна плоча на генерал Едуард Иванович Тотлебен,407,"Едуард Тотлебен, ген., паметна плоча с релеф. Паметник на Освободителната война",Паметна Плоча,28,3,high
Q130295314,паметна плоча на генерал Михаил Дмитриевич Скобелев,406,"Михаил Скобелев, Ген., паметна плоча с релеф. Паметник на Освободителната война",Паметна Плоча,6,3,high
Q130295315,паметна плоча на Николай Иванович Пирогов,405,"Пирогов Н. И., паметна плоча с орелеф. Паметник на Освободителната война",Паметна Плоча,26,2,high
Q130295316,паметник на генерал-майор Пьотър Черевин и есаул Пьотър Степанович Бариш - Тищенко,989,"Пьотър Черевин, ген., Бариш Тищенко, есаул - освободители на София. Паметник на Освободителната война",Паметник,8,5,high
Q131360828,Паметник на Петко и Пенчо Славейкови,166,"Петко и Пенчо Славейкови, паметник, скулптурен",Паметник,48,3,high
Q132678574,Лъвове (Университетска библиотека),1022,"Скулптурни фигури „Лъвове”, Библиотека на СУ „Св. Климент Охридски”",Скулптура,10,2,high
Q140589273,Паметникът на Христо Ботев,140,"Христо Ботев, бюст-паметник",Паметник,1,2,high
Q140589275,"Паметник на загиналите в Балканската война в градинката ""Св. Никола""",520,"На загиналите във Втората световна война, заключителна фаза от кв. „Три Кладенци” и на загиналите български войници в мирно време при изпълнение на служебния си дълг. Военен паметник",Паметник,74,2,high
Q140778177,Колона на випуските,850,"„Колона на випуските”, паметник, скулптурен, Военна Академия",Паметник,87,2,high
Q14550946,Статуя на София,663,"„София“, монументална статуя",Скулптура,5,1,high
Q1703313,Паметник на Васил Левски,414,"Васил Левски, паметник, архитектурен ансамбъл",Паметник,0,2,high
Q19705297,Докторски паметник,561,Паметник на загиналите през Освободителната война (1877-1878) медицински чинове. („Докторски паметник“.) Архитектурен ансамбъл,Паметник,10,1,high
Q2037523,Паметник на Цар Освободител,108,"Цар Освободител Александър II, паметник, архитектурно-скулптурен ансамбъл",Паметник,19,2,high
Q2042926,Руски паметник,422,"Руски паметник, архитектурен ансамбъл. Паметник на Освободителната война",Паметник,15,1,high
Q25386659,Паметник на Стефан Стамболов,121,"Стефан Стамболов, паметник, скулптурен",Паметник,8,2,high
Q4400745,Руски гвардейски паметник,562,"Гвардейски паметник „Каталей и Философов"". Паметник на Освободителната война - гроб",Паметник,4,1,high
Q50809798,паметник на Патриарх Евтимий,43,"Патриарх Евтимий, паметник, скулптурен",Паметник,2,2,high
Q50809852,бюст-паметник на Хаджи Димитър,592,"Хаджи Димитър, бюст-паметник, Борисова градина",Паметник,2,2,high
Q56692116,Паметник на независимостта,725,"„Независимостта на България”, паметник",Паметник,3,1,high
Q585900,Паметник на Незнайния воин,1023,Паметник на незнайния войн. Военен паметник. Архитектурно-скулптурен ансамбъл,Паметник,6,1,high
Q59218089,Паметник на Радой Ралин,793,"Радой Ралин, паметник, скуптурен",Паметник,5,2,high
Q60596197,Гроб на Иван Вазов,571,"Иван Вазов, гроб",Свободно-Стоящ Паметен Знак,26,3,high
Q61138259,Паметник на първи и шести пехотни полкове,575,"На загиналите от Първи пехотен Софийски и Шести пехотен Търновски полк при Първа Софийска пехотна дивизия във войните за национално обединение. Военен паметник. Паметник, скулптурен, НДК",Паметник,22,2,high
Q899761,Братска могила,629,"„Братската могила“, архитектурно-скулптурен ансамбъл, Борисова градина",Паметник,21,1,high
Q92613992,Паметник на Иван Вазов,628,"Иван Вазов, бюст-паметник, Борисова градина",Паметник,3,2,high
Q92614679,Бюст-паметник на Петко Р. Славейков,426,"Петко Р. Славейков, бюст-паметник, Борисова градина",Паметник,7,2,high
Q92615542,Бюст-паметник на Пейо Яворов,599,"Пейо Яворов, бюст-паметник, Борисова градина",Паметник,29,2,high
Q92616247,Бюст-паметник на Пенчо Славейков,425,"Пенчо Славейков, бюст-паметник, Борисова градина",Паметник,12,2,high
Q92616399,Бюст-паметник на Васил Левски,1127,"Васил Левски, бюст-паметник, Борисова градина",Паметник,34,2,high
Q92616696,Бюст-паметник на Христо Ботев,420,"Христо Ботев, бюст-паметник, Борисова градина",Паметник,12,2,high
Q92617227,Бюст-паметник на Георги С. Раковски,855,"Георги С. Раковски, бюст-паметник, Борисова градина",Паметник,19,2,high
Q92617547,Бюст-паметник на Любен Каравелов,424,"Любен Каравелов, бюст-паметник, Борисова градина",Паметник,5,2,high
Q92618269,Бюст-паметник на Георги Бенковски,585,"Георги Бенковски, бюст-паметник, Борисова градина",Паметник,6,2,high
Q92618460,Бюст-паметник на Васил Петлешков,623,"Васил Петлешков, бюст-паметник, Борисова градина",Паметник,27,2,high
Q92619327,Паметник на Иларион Макариополски,136,"Иларион Макариополски, паметник",Паметник,2,2,high
Q92619995,Бюст-паметник на д-р Петър Берон,642,"д-р Петър Берон, бюст-паметник, Борисова градина",Паметник,4,2,high
Q92621283,Бюст-паметник на Нешо Бончев,595,"Нешо Бончев, бюст-паметник, Борисова градина",Паметник,21,2,high
Q92621938,Бюст-паметник на Иван Денкоглу,810,"Чешма – интериор, 127 СУ „Иван Николаевич Денкоглу”",Чешма/фонтан,33,2,high
Q92621951,Бюст-паметник на Добри Желязков,1009,"Добри Желязков - Фабрикаджията, бюст-паметник, Борисова градина",Паметник,6,2,high
Q92622844,Бюст-паметник на Марин Дринов,624,"Марин Дринов, бюст-паметник, Борисова градина",Паметник,4,2,high
Q92623375,Бюст-паметник на Константин Величков,1191,"Константин Величков, бюст-паметник, Борисова градина",Паметник,21,2,high
Q92624938,Бюст-паметник на Стефан Тошев,590,"Стефан Тошев, ген., бюст-паметник, Борисова градина. Военен паметник",Паметник,6,2,high
Q107557796,Водна кула в Лозенец,862,"На загиналите във войните за национално обединение и във Втората световна война, заключителна фаза от Лозенец. Военен паметник",Паметник,435,1,review
Q108551966,Паметник на Михаил Такев,163,"Михаил Попов, паметна плоча",Паметна Плоча,248,1,review
Q108553360,Паметник на Васил Априлов,334,"Васил Чакаларов, паметна плоча. Военен паметник",Паметна Плоча,145,1,review
Q118215628,Юнашки паметник,1006,"Драган Цанков, паметна плоча, СГСАГ „Христо Ботев“",Паметна Плоча,84,0,review
Q12270400,1300 години България,575,"На загиналите от Първи пехотен Софийски и Шести пехотен Търновски полк при Първа Софийска пехотна дивизия във войните за национално обединение. Военен паметник. Паметник, скулптурен, НДК",Паметник,22,0,review
Q130295304,братска могила,882,"Иля Багаевски, подполк., Семьон Лабодевски, прапоршик, свободностоящ паметен знак. Паметник на Освободителната война",Свободно-Стоящ Паметен Знак,2,0,review
Q130295305,братска могила на руски воини,882,"Иля Багаевски, подполк., Семьон Лабодевски, прапоршик, свободностоящ паметен знак. Паметник на Освободителната война",Свободно-Стоящ Паметен Знак,2,0,review
Q132443636,Свети Никола,453,"Никола М. Иванов, паметна плоча",Паметна Плоча,149,1,review
Q140018995,Гробът на Йордан Йовков,772,Военен мавзолей – костница на загиналите във войните за национално обединение. Военен паметник. Архитектурно-скулпторен ансамбъл,Паметник,472,0,review
Q1509145,Мавзолей на Георги Димитров,135,"Владимир Димитров - Майстора, паметник, скулптурен",Паметник,131,1,review
Q153525,Паметник на Съветската армия,1165,"Скулптурна фигура – мечка, парк „Княжеска градина“",Скулптура,162,0,review
Q19868564,Паметник на авиацията и военновъздушните сили,427,На Българската авиация. Военен паметник. Архитектурно-скулптурен ансамбъл,Паметник,1,0,review
Q23833699,Къща на Сърмаджиев,175,"Андрей Ляпчев, паметна плоча",Паметна Плоча,47,0,review
Q28953115,Жилищна сграда на Иван Парушев,468,"Иван-Асен Петков, проф., паметна плоча",Паметна Плоча,250,1,review
Q28953185,Жилищна сграда на Юлиан Парушев,481,"Марин Георгиев Устагенов, паметна плоча",Паметна Плоча,50,0,review
Q28953448,Жилищна сграда на Елиза Славчева,488,"Стефан Стефанов Славчев, ген.-майор, паметна плоча. Военен паметник",Паметна Плоча,25,0,review
Q3137068,Мавзолей на Александър I Батенберг,108,"Цар Освободител Александър II, паметник, архитектурно-скулптурен ансамбъл",Паметник,251,1,review
Q7270400,УМБАЛ „Царица Йоанна – ИСУЛ“,1083,Фасадна скулптура – войн,Скулптура,130,0,review
Q86266021,Паметник на българските опълченци,129,"„Българският опълченец“, паметник, скулптурен. Военен / Войнишки паметник",Паметник,0,0,review
Q921380,Буюк джамия,295,"Иван Васильов и Димитър Цолов, „Построяване на БНБ”, паметна плоча с барелеф",Паметна Плоча,43,0,review
Q92616392,Бюст-паметник на Христо Максимов,420,"Христо Ботев, бюст-паметник, Борисова градина",Паметник,95,1,review
Q92620425,Бюст-паметник на Васил Априлов,334,"Васил Чакаларов, паметна плоча. Военен паметник",Паметна Плоча,145,1,review
Q92623849,Бюст-паметник на Маестро Георги Атанасов,598,"Георги Караславов, бюст-паметник, Борисова градина",Паметник,187,1,review
Q97209220,Стената на славата,428,"„Булгарплод“, монументална стенопис (сграфито)",Декоративен Елемент,2,0,review
Q104381316,Войнишки паметник в село Дивотино,,,,,,no-candidate
Q12274195,Българска алея на славата,,,,,,no-candidate
Q12284072,Криви камък,,,,,,no-candidate
Q130295278,надгробни кръстове на неизвестни руски войници,,,,,,no-candidate
Q25486934,Маркова стъпка,,,,,,no-candidate
